-- --------------------------------------------------------
-- Host:                         127.0.0.1
-- Server version:               8.0.40 - MySQL Community Server - GPL
-- Server OS:                    Win64
-- HeidiSQL Version:             12.8.0.6908
-- --------------------------------------------------------

/*!40101 SET @OLD_CHARACTER_SET_CLIENT=@@CHARACTER_SET_CLIENT */;
/*!40101 SET NAMES utf8 */;
/*!50503 SET NAMES utf8mb4 */;
/*!40103 SET @OLD_TIME_ZONE=@@TIME_ZONE */;
/*!40103 SET TIME_ZONE='+00:00' */;
/*!40014 SET @OLD_FOREIGN_KEY_CHECKS=@@FOREIGN_KEY_CHECKS, FOREIGN_KEY_CHECKS=0 */;
/*!40101 SET @OLD_SQL_MODE=@@SQL_MODE, SQL_MODE='NO_AUTO_VALUE_ON_ZERO' */;
/*!40111 SET @OLD_SQL_NOTES=@@SQL_NOTES, SQL_NOTES=0 */;


-- Dumping database structure for expense_tracker
DROP DATABASE IF EXISTS `expense_tracker`;
CREATE DATABASE IF NOT EXISTS `expense_tracker` /*!40100 DEFAULT CHARACTER SET utf8mb4 COLLATE utf8mb4_0900_ai_ci */ /*!80016 DEFAULT ENCRYPTION='N' */;
USE `expense_tracker`;

-- Dumping structure for table expense_tracker.expenses
DROP TABLE IF EXISTS `expenses`;
CREATE TABLE IF NOT EXISTS `expenses` (
  `id` bigint NOT NULL AUTO_INCREMENT,
  `user_id` bigint NOT NULL,
  `category` enum('FOOD','HEALTH','TRAVEL','EDUCATION','GIFT','BILLS','OTHERS') CHARACTER SET utf8mb4 COLLATE utf8mb4_0900_ai_ci NOT NULL,
  `amount` decimal(10,2) NOT NULL,
  `description` varchar(255) DEFAULT NULL,
  `expense_date` date NOT NULL,
  `created_at` datetime NOT NULL,
  PRIMARY KEY (`id`),
  KEY `user_id` (`user_id`),
  CONSTRAINT `expenses_ibfk_1` FOREIGN KEY (`user_id`) REFERENCES `users` (`id`)
) ENGINE=InnoDB AUTO_INCREMENT=582 DEFAULT CHARSET=utf8mb4 COLLATE=utf8mb4_0900_ai_ci;

-- Dumping data for table expense_tracker.expenses: ~46 rows (approximately)
INSERT INTO `expenses` (`id`, `user_id`, `category`, `amount`, `description`, `expense_date`, `created_at`) VALUES
	(14, 6, 'TRAVEL', 3000.00, 'Flight booking', '2025-09-02', '2025-09-07 22:45:51'),
	(16, 6, 'FOOD', 80.00, 'Breakfast snacks', '2025-08-31', '2025-09-07 22:47:19'),
	(17, 6, 'TRAVEL', 450.00, 'Cab ride to office', '2025-08-30', '2025-09-07 22:47:19'),
	(18, 6, 'TRAVEL', 1299.00, 'Grocery shopping', '2025-08-29', '2025-09-07 22:47:19'),
	(19, 6, 'FOOD', 6000.00, 'Weekend dinner buffet', '2025-08-28', '2025-09-07 22:47:19'),
	(20, 6, 'TRAVEL', 750.00, 'Bus pass recharge', '2025-08-27', '2025-09-07 22:47:19'),
	(21, 6, 'TRAVEL', 2200.00, 'Mobile accessories', '2025-08-26', '2025-09-07 22:47:19'),
	(22, 6, 'FOOD', 120.00, 'Tea and snacks', '2025-08-25', '2025-09-07 22:47:19'),
	(23, 6, 'TRAVEL', 5600.00, 'Vacation hotel booking', '2025-08-24', '2025-09-07 22:47:19'),
	(24, 6, 'TRAVEL', 3400.00, 'Online clothing order', '2025-08-23', '2025-09-07 22:47:19'),
	(25, 6, 'FOOD', 200.00, 'Cafe coffee', '2025-08-22', '2025-09-07 22:47:19'),
	(26, 6, 'TRAVEL', 1600.00, 'Train ticket return', '2025-08-21', '2025-09-07 22:47:19'),
	(28, 6, 'FOOD', 450.00, 'Office lunch', '2025-08-19', '2025-09-07 22:47:19'),
	(29, 6, 'TRAVEL', 999.00, 'Taxi airport drop', '2025-08-18', '2025-09-07 22:47:19'),
	(50, 23, 'FOOD', 20.50, 'Lunch at restaurant', '2025-09-19', '2025-09-19 17:51:44'),
	(51, 23, 'HEALTH', 15.75, 'Gym membership', '2025-09-19', '2025-09-19 17:51:44'),
	(52, 23, 'FOOD', 10.00, 'Coffee', '2025-09-19', '2025-09-19 17:51:44'),
	(53, 23, 'HEALTH', 30.00, 'Medicine', '2025-09-19', '2025-09-19 17:51:44'),
	(54, 23, 'FOOD', 25.40, 'Dinner with friends', '2025-09-19', '2025-09-19 17:51:44'),
	(55, 23, 'HEALTH', 50.00, 'Doctor consultation', '2025-09-19', '2025-09-19 17:51:44'),
	(56, 23, 'FOOD', 12.50, 'Snack', '2025-09-19', '2025-09-19 17:51:44'),
	(57, 23, 'HEALTH', 100.00, 'Physiotherapy session', '2025-09-19', '2025-09-19 17:51:44'),
	(58, 23, 'FOOD', 8.25, 'Fast food', '2025-09-19', '2025-09-19 17:51:44'),
	(59, 23, 'HEALTH', 35.00, 'Health insurance premium', '2025-09-19', '2025-09-19 17:51:44'),
	(60, 23, 'FOOD', 18.75, 'Pizza delivery', '2025-09-19', '2025-09-19 17:51:44'),
	(61, 23, 'HEALTH', 40.00, 'Fitness tracker', '2025-09-19', '2025-09-19 17:51:44'),
	(62, 23, 'FOOD', 7.80, 'Street food', '2025-09-19', '2025-09-19 17:51:44'),
	(63, 23, 'HEALTH', 25.00, 'Vitamins', '2025-09-19', '2025-09-19 17:51:44'),
	(64, 23, 'FOOD', 22.00, 'Grocery shopping', '2025-09-19', '2025-09-19 17:51:44'),
	(65, 23, 'HEALTH', 60.00, 'Therapy session', '2025-09-19', '2025-09-19 17:51:44'),
	(66, 23, 'FOOD', 5.90, 'Lunch snack', '2025-09-19', '2025-09-19 17:51:44'),
	(67, 23, 'HEALTH', 12.99, 'Yoga class', '2025-09-19', '2025-09-19 17:51:44'),
	(68, 23, 'FOOD', 28.50, 'Restaurant meal', '2025-09-19', '2025-09-19 17:51:44'),
	(69, 23, 'HEALTH', 20.00, 'Medication', '2025-09-19', '2025-09-19 17:51:44'),
	(70, 23, 'FOOD', 11.10, 'Smoothie', '2025-09-19', '2025-09-19 17:51:44'),
	(71, 23, 'HEALTH', 55.00, 'Chiropractic visit', '2025-09-19', '2025-09-19 17:51:44'),
	(72, 23, 'FOOD', 26.30, 'Takeout', '2025-09-19', '2025-09-19 17:51:44'),
	(73, 23, 'HEALTH', 18.50, 'Massage therapy', '2025-09-19', '2025-09-19 17:51:44'),
	(74, 23, 'FOOD', 14.20, 'Sandwich', '2025-09-19', '2025-09-19 17:51:44'),
	(75, 23, 'HEALTH', 22.00, 'Supplements', '2025-09-19', '2025-09-19 17:51:44'),
	(76, 23, 'FOOD', 19.90, 'Food delivery', '2025-09-19', '2025-09-19 17:51:44'),
	(77, 23, 'HEALTH', 45.00, 'Mental health consultation', '2025-09-19', '2025-09-19 17:51:44'),
	(78, 23, 'FOOD', 13.00, 'Bakery items', '2025-09-19', '2025-09-19 17:51:44'),
	(79, 23, 'HEALTH', 32.00, 'Physical therapy', '2025-09-19', '2025-09-19 17:51:44'),
	(80, 23, 'FOOD', 21.80, 'Restaurant brunch', '2025-09-19', '2025-09-19 17:51:44'),
	(81, 23, 'HEALTH', 10.50, 'Sleep aid', '2025-09-19', '2025-09-19 17:51:44'),
	(82, 23, 'FOOD', 258.54, 'Dinner', '2023-03-09', '2025-09-20 23:00:27'),
	(83, 23, 'GIFT', 55.68, 'Festive gift', '2024-08-10', '2025-09-20 23:00:27'),
	(84, 23, 'EDUCATION', 350.35, 'Workshop', '2024-06-09', '2025-09-20 23:00:27'),
	(85, 23, 'GIFT', 354.07, 'Birthday gift', '2023-06-23', '2025-09-20 23:00:27'),
	(86, 23, 'TRAVEL', 262.94, 'Train ticket', '2022-01-04', '2025-09-20 23:00:27'),
	(87, 23, 'GIFT', 204.83, 'Anniversary gift', '2025-06-26', '2025-09-20 23:00:27'),
	(88, 23, 'TRAVEL', 153.04, 'Fuel', '2023-12-29', '2025-09-20 23:00:27'),
	(89, 23, 'OTHERS', 96.91, 'Misc expense', '2023-01-21', '2025-09-20 23:00:27'),
	(90, 23, 'FOOD', 38.05, 'Lunch', '2022-04-09', '2025-09-20 23:00:27'),
	(91, 23, 'FOOD', 397.22, 'Snacks', '2025-04-15', '2025-09-20 23:00:27'),
	(92, 23, 'EDUCATION', 359.73, 'Stationery', '2023-03-19', '2025-09-20 23:00:27'),
	(93, 23, 'GIFT', 406.41, 'Birthday gift', '2023-08-05', '2025-09-20 23:00:27'),
	(94, 23, 'BILLS', 456.00, 'Mobile bill', '2025-12-24', '2025-09-20 23:00:27'),
	(95, 23, 'EDUCATION', 184.21, 'Stationery', '2022-02-04', '2025-09-20 23:00:27'),
	(96, 23, 'BILLS', 443.66, 'Internet bill', '2023-12-24', '2025-09-20 23:00:27'),
	(97, 23, 'OTHERS', 450.12, 'Shopping', '2024-10-31', '2025-09-20 23:00:27'),
	(98, 23, 'TRAVEL', 147.81, 'Train ticket', '2025-05-04', '2025-09-20 23:00:27'),
	(99, 23, 'OTHERS', 434.19, 'Entertainment', '2022-02-09', '2025-09-20 23:00:27'),
	(100, 23, 'HEALTH', 149.56, 'Medicine', '2024-12-20', '2025-09-20 23:00:27'),
	(101, 23, 'HEALTH', 325.60, 'Gym', '2023-11-07', '2025-09-20 23:00:27'),
	(102, 23, 'BILLS', 260.30, 'Electricity bill', '2023-08-16', '2025-09-20 23:00:27'),
	(103, 23, 'TRAVEL', 104.04, 'Flight ticket', '2024-11-29', '2025-09-20 23:00:27'),
	(104, 23, 'BILLS', 295.04, 'Internet bill', '2025-02-13', '2025-09-20 23:00:27'),
	(105, 23, 'EDUCATION', 467.31, 'Books', '2024-06-26', '2025-09-20 23:00:27'),
	(106, 23, 'BILLS', 83.55, 'Electricity bill', '2025-05-21', '2025-09-20 23:00:27'),
	(107, 23, 'HEALTH', 499.95, 'Insurance', '2022-03-19', '2025-09-20 23:00:27'),
	(108, 23, 'BILLS', 411.87, 'Gas bill', '2024-03-20', '2025-09-20 23:00:27'),
	(109, 23, 'TRAVEL', 468.93, 'Taxi', '2024-12-18', '2025-09-20 23:00:27'),
	(110, 23, 'TRAVEL', 175.87, 'Hotel', '2022-12-29', '2025-09-20 23:00:27'),
	(111, 23, 'OTHERS', 36.10, 'Entertainment', '2022-05-13', '2025-09-20 23:00:27'),
	(112, 23, 'FOOD', 330.78, 'Lunch', '2025-09-30', '2025-09-20 23:00:27'),
	(113, 23, 'EDUCATION', 228.77, 'Course fee', '2022-03-25', '2025-09-20 23:00:27'),
	(114, 23, 'FOOD', 370.40, 'Coffee', '2024-12-15', '2025-09-20 23:00:27'),
	(115, 23, 'EDUCATION', 211.80, 'Stationery', '2024-09-24', '2025-09-20 23:00:27'),
	(116, 23, 'FOOD', 339.24, 'Coffee', '2023-01-03', '2025-09-20 23:00:27'),
	(117, 23, 'GIFT', 400.39, 'Charity', '2025-09-06', '2025-09-20 23:00:27'),
	(118, 23, 'HEALTH', 51.55, 'Medicine', '2023-06-29', '2025-09-20 23:00:27'),
	(119, 23, 'TRAVEL', 444.66, 'Taxi', '2023-01-02', '2025-09-20 23:00:27'),
	(120, 23, 'GIFT', 36.90, 'Wedding gift', '2025-11-02', '2025-09-20 23:00:27'),
	(121, 23, 'EDUCATION', 334.41, 'Books', '2024-12-15', '2025-09-20 23:00:27'),
	(122, 23, 'FOOD', 408.11, 'Snacks', '2025-03-22', '2025-09-20 23:00:27'),
	(123, 23, 'GIFT', 90.31, 'Festive gift', '2023-09-16', '2025-09-20 23:00:27'),
	(124, 23, 'GIFT', 113.98, 'Anniversary gift', '2022-03-25', '2025-09-20 23:00:27'),
	(125, 23, 'OTHERS', 473.58, 'Shopping', '2025-10-23', '2025-09-20 23:00:27'),
	(126, 23, 'BILLS', 402.35, 'Water bill', '2022-08-16', '2025-09-20 23:00:27'),
	(127, 23, 'EDUCATION', 339.54, 'Books', '2022-11-22', '2025-09-20 23:00:27'),
	(128, 23, 'GIFT', 67.43, 'Anniversary gift', '2025-05-27', '2025-09-20 23:00:27'),
	(129, 23, 'FOOD', 319.16, 'Coffee', '2024-11-14', '2025-09-20 23:00:27'),
	(130, 23, 'OTHERS', 203.80, 'Misc expense', '2023-04-02', '2025-09-20 23:00:27'),
	(131, 23, 'FOOD', 245.83, 'Lunch', '2022-07-09', '2025-09-20 23:00:27'),
	(132, 23, 'FOOD', 8.49, 'Groceries', '2022-10-07', '2025-09-20 23:00:27'),
	(133, 23, 'EDUCATION', 193.90, 'Course fee', '2022-03-11', '2025-09-20 23:00:27'),
	(134, 23, 'BILLS', 15.21, 'Mobile bill', '2025-01-22', '2025-09-20 23:00:27'),
	(135, 23, 'BILLS', 206.89, 'Gas bill', '2023-11-15', '2025-09-20 23:00:27'),
	(136, 23, 'GIFT', 424.61, 'Charity', '2023-12-15', '2025-09-20 23:00:27'),
	(137, 23, 'BILLS', 79.97, 'Electricity bill', '2024-01-23', '2025-09-20 23:00:27'),
	(138, 23, 'HEALTH', 231.20, 'Medicine', '2022-12-05', '2025-09-20 23:00:27'),
	(139, 23, 'EDUCATION', 17.85, 'Workshop', '2024-10-08', '2025-09-20 23:00:27'),
	(140, 23, 'FOOD', 91.51, 'Lunch', '2024-12-20', '2025-09-20 23:00:27'),
	(141, 23, 'GIFT', 136.04, 'Festive gift', '2023-10-31', '2025-09-20 23:00:27'),
	(142, 23, 'OTHERS', 445.88, 'Shopping', '2024-11-19', '2025-09-20 23:00:27'),
	(143, 23, 'HEALTH', 112.29, 'Medicine', '2022-10-12', '2025-09-20 23:00:27'),
	(144, 23, 'EDUCATION', 92.98, 'Exam fee', '2024-01-19', '2025-09-20 23:00:27'),
	(145, 23, 'TRAVEL', 491.21, 'Flight ticket', '2025-08-17', '2025-09-20 23:00:27'),
	(146, 23, 'FOOD', 147.79, 'Groceries', '2024-02-17', '2025-09-20 23:00:27'),
	(147, 23, 'BILLS', 98.33, 'Water bill', '2022-01-28', '2025-09-20 23:00:27'),
	(148, 23, 'OTHERS', 452.43, 'Shopping', '2023-11-19', '2025-09-20 23:00:27'),
	(149, 23, 'FOOD', 413.51, 'Groceries', '2025-10-02', '2025-09-20 23:00:27'),
	(150, 23, 'HEALTH', 381.68, 'Therapy', '2024-10-06', '2025-09-20 23:00:27'),
	(151, 23, 'GIFT', 115.51, 'Anniversary gift', '2025-11-18', '2025-09-20 23:00:27'),
	(152, 23, 'HEALTH', 398.69, 'Gym', '2025-10-05', '2025-09-20 23:00:27'),
	(153, 23, 'FOOD', 89.08, 'Dinner', '2025-01-27', '2025-09-20 23:00:27'),
	(154, 23, 'EDUCATION', 457.25, 'Books', '2023-02-26', '2025-09-20 23:00:27'),
	(155, 23, 'GIFT', 314.54, 'Wedding gift', '2025-06-15', '2025-09-20 23:00:27'),
	(156, 23, 'EDUCATION', 46.76, 'Exam fee', '2025-04-07', '2025-09-20 23:00:27'),
	(157, 23, 'OTHERS', 254.68, 'Donation', '2022-03-22', '2025-09-20 23:00:27'),
	(158, 23, 'TRAVEL', 263.85, 'Flight ticket', '2025-03-12', '2025-09-20 23:00:27'),
	(159, 23, 'HEALTH', 67.22, 'Medicine', '2023-11-19', '2025-09-20 23:00:27'),
	(160, 23, 'HEALTH', 380.38, 'Insurance', '2025-01-10', '2025-09-20 23:00:27'),
	(161, 23, 'EDUCATION', 220.83, 'Books', '2023-07-20', '2025-09-20 23:00:27'),
	(162, 23, 'OTHERS', 129.13, 'Entertainment', '2023-11-10', '2025-09-20 23:00:27'),
	(163, 23, 'BILLS', 99.73, 'Internet bill', '2025-09-28', '2025-09-20 23:00:27'),
	(164, 23, 'FOOD', 443.35, 'Lunch', '2023-01-11', '2025-09-20 23:00:27'),
	(165, 23, 'GIFT', 187.22, 'Wedding gift', '2023-05-03', '2025-09-20 23:00:27'),
	(166, 23, 'BILLS', 499.12, 'Electricity bill', '2024-06-04', '2025-09-20 23:00:27'),
	(167, 23, 'FOOD', 230.19, 'Groceries', '2025-07-09', '2025-09-20 23:00:27'),
	(168, 23, 'GIFT', 220.82, 'Festive gift', '2024-11-06', '2025-09-20 23:00:27'),
	(169, 23, 'FOOD', 290.16, 'Coffee', '2022-01-04', '2025-09-20 23:00:27'),
	(170, 23, 'BILLS', 333.64, 'Internet bill', '2022-03-01', '2025-09-20 23:00:27'),
	(171, 23, 'HEALTH', 130.57, 'Therapy', '2025-01-16', '2025-09-20 23:00:27'),
	(172, 23, 'OTHERS', 454.51, 'Misc expense', '2024-08-04', '2025-09-20 23:00:27'),
	(173, 23, 'EDUCATION', 14.92, 'Books', '2024-07-22', '2025-09-20 23:00:27'),
	(174, 23, 'HEALTH', 496.70, 'Therapy', '2024-10-30', '2025-09-20 23:00:27'),
	(175, 23, 'BILLS', 353.17, 'Electricity bill', '2025-01-10', '2025-09-20 23:00:27'),
	(176, 23, 'HEALTH', 101.64, 'Therapy', '2022-11-20', '2025-09-20 23:00:27'),
	(177, 23, 'TRAVEL', 449.09, 'Train ticket', '2024-12-08', '2025-09-20 23:00:27'),
	(178, 23, 'HEALTH', 498.67, 'Medicine', '2025-08-26', '2025-09-20 23:00:27'),
	(179, 23, 'HEALTH', 363.97, 'Doctor visit', '2024-04-02', '2025-09-20 23:00:27'),
	(180, 23, 'OTHERS', 142.92, 'Repair', '2022-04-10', '2025-09-20 23:00:27'),
	(181, 23, 'HEALTH', 234.67, 'Doctor visit', '2024-11-20', '2025-09-20 23:00:27'),
	(182, 23, 'FOOD', 111.30, 'Dinner', '2022-01-17', '2025-09-20 23:00:27'),
	(183, 23, 'FOOD', 362.55, 'Snacks', '2023-10-16', '2025-09-20 23:00:27'),
	(184, 23, 'HEALTH', 35.10, 'Doctor visit', '2023-09-17', '2025-09-20 23:00:27'),
	(185, 23, 'FOOD', 367.72, 'Coffee', '2023-12-18', '2025-09-20 23:00:27'),
	(186, 23, 'HEALTH', 479.74, 'Insurance', '2024-03-18', '2025-09-20 23:00:27'),
	(187, 23, 'FOOD', 459.02, 'Groceries', '2024-12-21', '2025-09-20 23:00:27'),
	(188, 23, 'TRAVEL', 278.64, 'Train ticket', '2022-10-28', '2025-09-20 23:00:27'),
	(189, 23, 'FOOD', 88.28, 'Coffee', '2023-08-15', '2025-09-20 23:00:27'),
	(190, 23, 'GIFT', 406.69, 'Wedding gift', '2022-06-21', '2025-09-20 23:00:27'),
	(191, 23, 'GIFT', 37.98, 'Charity', '2024-03-28', '2025-09-20 23:00:27'),
	(192, 23, 'GIFT', 281.79, 'Birthday gift', '2023-05-22', '2025-09-20 23:00:27'),
	(193, 23, 'BILLS', 271.09, 'Gas bill', '2024-10-06', '2025-09-20 23:00:27'),
	(194, 23, 'GIFT', 353.10, 'Anniversary gift', '2025-10-11', '2025-09-20 23:00:27'),
	(195, 23, 'GIFT', 350.15, 'Birthday gift', '2025-04-29', '2025-09-20 23:00:27'),
	(196, 23, 'OTHERS', 194.44, 'Entertainment', '2024-10-26', '2025-09-20 23:00:27'),
	(197, 23, 'BILLS', 25.80, 'Mobile bill', '2023-11-10', '2025-09-20 23:00:27'),
	(198, 23, 'BILLS', 294.96, 'Gas bill', '2023-02-18', '2025-09-20 23:00:27'),
	(199, 23, 'FOOD', 277.33, 'Snacks', '2023-09-02', '2025-09-20 23:00:27'),
	(200, 23, 'EDUCATION', 426.64, 'Exam fee', '2022-10-24', '2025-09-20 23:00:27'),
	(201, 23, 'GIFT', 68.41, 'Wedding gift', '2024-12-05', '2025-09-20 23:00:27'),
	(202, 23, 'EDUCATION', 102.01, 'Stationery', '2024-11-22', '2025-09-20 23:00:27'),
	(203, 23, 'BILLS', 141.96, 'Internet bill', '2024-10-31', '2025-09-20 23:00:27'),
	(204, 23, 'HEALTH', 124.43, 'Medicine', '2023-03-02', '2025-09-20 23:00:27'),
	(205, 23, 'TRAVEL', 374.97, 'Train ticket', '2023-12-05', '2025-09-20 23:00:27'),
	(206, 23, 'HEALTH', 232.37, 'Doctor visit', '2024-02-08', '2025-09-20 23:00:27'),
	(207, 23, 'GIFT', 26.56, 'Birthday gift', '2023-11-27', '2025-09-20 23:00:27'),
	(208, 23, 'BILLS', 481.72, 'Gas bill', '2024-09-13', '2025-09-20 23:00:27'),
	(209, 23, 'BILLS', 274.44, 'Gas bill', '2022-01-25', '2025-09-20 23:00:27'),
	(210, 23, 'GIFT', 309.38, 'Festive gift', '2022-05-03', '2025-09-20 23:00:27'),
	(211, 23, 'BILLS', 82.27, 'Electricity bill', '2023-04-04', '2025-09-20 23:00:27'),
	(212, 23, 'BILLS', 353.78, 'Mobile bill', '2025-10-24', '2025-09-20 23:00:27'),
	(213, 23, 'GIFT', 379.41, 'Birthday gift', '2023-07-13', '2025-09-20 23:00:27'),
	(214, 23, 'GIFT', 175.32, 'Festive gift', '2025-08-26', '2025-09-20 23:00:27'),
	(215, 23, 'OTHERS', 98.91, 'Shopping', '2022-06-24', '2025-09-20 23:00:27'),
	(216, 23, 'GIFT', 418.63, 'Anniversary gift', '2025-11-20', '2025-09-20 23:00:27'),
	(217, 23, 'HEALTH', 273.89, 'Insurance', '2023-12-12', '2025-09-20 23:00:27'),
	(218, 23, 'HEALTH', 230.33, 'Medicine', '2022-01-23', '2025-09-20 23:00:27'),
	(219, 23, 'HEALTH', 14.43, 'Insurance', '2025-04-08', '2025-09-20 23:00:27'),
	(220, 23, 'GIFT', 488.97, 'Birthday gift', '2025-07-28', '2025-09-20 23:00:27'),
	(221, 23, 'HEALTH', 243.39, 'Therapy', '2022-02-25', '2025-09-20 23:00:27'),
	(222, 23, 'HEALTH', 70.41, 'Therapy', '2025-02-08', '2025-09-20 23:00:27'),
	(223, 23, 'TRAVEL', 132.06, 'Hotel', '2022-10-06', '2025-09-20 23:00:27'),
	(224, 23, 'GIFT', 286.67, 'Festive gift', '2024-03-14', '2025-09-20 23:00:27'),
	(225, 23, 'HEALTH', 326.46, 'Doctor visit', '2022-11-10', '2025-09-20 23:00:27'),
	(226, 23, 'GIFT', 451.16, 'Charity', '2025-09-30', '2025-09-20 23:00:27'),
	(227, 23, 'GIFT', 498.89, 'Wedding gift', '2025-10-13', '2025-09-20 23:00:27'),
	(228, 23, 'FOOD', 269.17, 'Snacks', '2023-09-28', '2025-09-20 23:00:27'),
	(229, 23, 'TRAVEL', 108.87, 'Flight ticket', '2024-01-06', '2025-09-20 23:00:27'),
	(230, 23, 'EDUCATION', 234.08, 'Books', '2024-01-04', '2025-09-20 23:00:27'),
	(231, 23, 'BILLS', 167.17, 'Internet bill', '2023-07-31', '2025-09-20 23:00:27'),
	(232, 23, 'EDUCATION', 72.01, 'Course fee', '2025-01-07', '2025-09-20 23:00:27'),
	(233, 23, 'TRAVEL', 353.63, 'Fuel', '2025-08-30', '2025-09-20 23:00:27'),
	(234, 23, 'BILLS', 157.11, 'Mobile bill', '2025-04-22', '2025-09-20 23:00:27'),
	(235, 23, 'FOOD', 440.15, 'Dinner', '2023-05-29', '2025-09-20 23:00:27'),
	(236, 23, 'TRAVEL', 441.26, 'Train ticket', '2024-01-04', '2025-09-20 23:00:27'),
	(237, 23, 'BILLS', 395.67, 'Mobile bill', '2025-01-08', '2025-09-20 23:00:27'),
	(238, 23, 'GIFT', 168.67, 'Charity', '2023-07-13', '2025-09-20 23:00:27'),
	(239, 23, 'EDUCATION', 499.14, 'Workshop', '2025-07-09', '2025-09-20 23:00:27'),
	(240, 23, 'TRAVEL', 238.53, 'Taxi', '2025-04-13', '2025-09-20 23:00:27'),
	(241, 23, 'OTHERS', 79.17, 'Shopping', '2022-11-02', '2025-09-20 23:00:27'),
	(242, 23, 'FOOD', 30.37, 'Lunch', '2023-02-22', '2025-09-20 23:00:27'),
	(243, 23, 'TRAVEL', 200.38, 'Train ticket', '2025-11-30', '2025-09-20 23:00:27'),
	(244, 23, 'FOOD', 466.48, 'Coffee', '2024-02-22', '2025-09-20 23:00:27'),
	(245, 23, 'FOOD', 465.03, 'Dinner', '2023-05-25', '2025-09-20 23:00:27'),
	(246, 23, 'EDUCATION', 416.41, 'Books', '2023-06-22', '2025-09-20 23:00:27'),
	(247, 23, 'FOOD', 355.14, 'Snacks', '2025-07-25', '2025-09-20 23:00:27'),
	(248, 23, 'BILLS', 278.79, 'Electricity bill', '2024-12-11', '2025-09-20 23:00:27'),
	(249, 23, 'EDUCATION', 52.60, 'Books', '2023-09-06', '2025-09-20 23:00:27'),
	(250, 23, 'HEALTH', 154.01, 'Insurance', '2023-05-10', '2025-09-20 23:00:27'),
	(251, 23, 'EDUCATION', 258.58, 'Workshop', '2025-12-19', '2025-09-20 23:00:27'),
	(252, 23, 'EDUCATION', 412.97, 'Course fee', '2024-12-07', '2025-09-20 23:00:27'),
	(253, 23, 'OTHERS', 398.95, 'Shopping', '2022-07-10', '2025-09-20 23:00:27'),
	(254, 23, 'EDUCATION', 84.60, 'Course fee', '2023-01-17', '2025-09-20 23:00:27'),
	(255, 23, 'FOOD', 396.08, 'Snacks', '2025-08-23', '2025-09-20 23:00:27'),
	(256, 23, 'HEALTH', 196.65, 'Medicine', '2022-10-28', '2025-09-20 23:00:27'),
	(257, 23, 'TRAVEL', 64.05, 'Hotel', '2025-04-29', '2025-09-20 23:00:27'),
	(258, 23, 'FOOD', 236.61, 'Lunch', '2023-06-29', '2025-09-20 23:00:27'),
	(259, 23, 'HEALTH', 164.27, 'Insurance', '2023-09-16', '2025-09-20 23:00:27'),
	(260, 23, 'TRAVEL', 373.18, 'Fuel', '2022-06-16', '2025-09-20 23:00:27'),
	(261, 23, 'TRAVEL', 390.02, 'Taxi', '2023-10-21', '2025-09-20 23:00:27'),
	(262, 23, 'EDUCATION', 243.93, 'Books', '2023-08-13', '2025-09-20 23:00:27'),
	(263, 23, 'HEALTH', 272.34, 'Medicine', '2025-02-22', '2025-09-20 23:00:27'),
	(264, 23, 'TRAVEL', 349.25, 'Train ticket', '2025-09-08', '2025-09-20 23:00:27'),
	(265, 23, 'GIFT', 429.53, 'Anniversary gift', '2024-03-30', '2025-09-20 23:00:27'),
	(266, 23, 'EDUCATION', 234.11, 'Course fee', '2024-08-11', '2025-09-20 23:00:27'),
	(267, 23, 'TRAVEL', 201.81, 'Hotel', '2023-10-24', '2025-09-20 23:00:27'),
	(268, 23, 'GIFT', 452.96, 'Charity', '2023-12-30', '2025-09-20 23:00:27'),
	(269, 23, 'OTHERS', 212.23, 'Repair', '2022-11-24', '2025-09-20 23:00:27'),
	(270, 23, 'TRAVEL', 299.93, 'Fuel', '2024-04-13', '2025-09-20 23:00:27'),
	(271, 23, 'HEALTH', 381.37, 'Medicine', '2023-08-15', '2025-09-20 23:00:27'),
	(272, 23, 'EDUCATION', 210.09, 'Workshop', '2025-02-02', '2025-09-20 23:00:27'),
	(273, 23, 'BILLS', 366.10, 'Internet bill', '2022-01-15', '2025-09-20 23:00:27'),
	(274, 23, 'GIFT', 249.17, 'Festive gift', '2025-10-04', '2025-09-20 23:00:27'),
	(275, 23, 'GIFT', 5.43, 'Festive gift', '2023-07-27', '2025-09-20 23:00:27'),
	(276, 23, 'BILLS', 374.29, 'Electricity bill', '2022-12-09', '2025-09-20 23:00:27'),
	(277, 23, 'OTHERS', 136.20, 'Entertainment', '2024-10-07', '2025-09-20 23:00:27'),
	(278, 23, 'HEALTH', 92.93, 'Gym', '2023-02-04', '2025-09-20 23:00:27'),
	(279, 23, 'FOOD', 38.82, 'Groceries', '2024-09-14', '2025-09-20 23:00:27'),
	(280, 23, 'TRAVEL', 483.16, 'Hotel', '2025-03-12', '2025-09-20 23:00:27'),
	(281, 23, 'TRAVEL', 274.04, 'Flight ticket', '2022-07-30', '2025-09-20 23:00:27'),
	(282, 23, 'HEALTH', 53.60, 'Insurance', '2024-07-06', '2025-09-20 23:00:27'),
	(283, 23, 'GIFT', 384.08, 'Festive gift', '2025-02-16', '2025-09-20 23:00:27'),
	(284, 23, 'EDUCATION', 93.81, 'Stationery', '2023-08-14', '2025-09-20 23:00:27'),
	(285, 23, 'GIFT', 261.30, 'Charity', '2022-11-05', '2025-09-20 23:00:27'),
	(286, 23, 'OTHERS', 222.72, 'Misc expense', '2025-01-03', '2025-09-20 23:00:27'),
	(287, 23, 'OTHERS', 423.40, 'Repair', '2024-12-30', '2025-09-20 23:00:27'),
	(288, 23, 'OTHERS', 380.62, 'Misc expense', '2022-03-20', '2025-09-20 23:00:27'),
	(289, 23, 'GIFT', 453.53, 'Festive gift', '2025-03-30', '2025-09-20 23:00:27'),
	(290, 23, 'FOOD', 424.44, 'Snacks', '2024-11-06', '2025-09-20 23:00:27'),
	(291, 23, 'FOOD', 41.30, 'Groceries', '2024-09-15', '2025-09-20 23:00:27'),
	(292, 23, 'TRAVEL', 482.95, 'Taxi', '2023-01-20', '2025-09-20 23:00:27'),
	(293, 23, 'OTHERS', 499.70, 'Misc expense', '2023-10-17', '2025-09-20 23:00:27'),
	(294, 23, 'GIFT', 472.58, 'Birthday gift', '2023-08-28', '2025-09-20 23:00:27'),
	(295, 23, 'EDUCATION', 315.80, 'Course fee', '2024-03-09', '2025-09-20 23:00:27'),
	(296, 23, 'EDUCATION', 235.75, 'Workshop', '2025-11-30', '2025-09-20 23:00:27'),
	(297, 23, 'TRAVEL', 478.23, 'Taxi', '2023-02-09', '2025-09-20 23:00:27'),
	(298, 23, 'OTHERS', 132.84, 'Entertainment', '2024-08-14', '2025-09-20 23:00:27'),
	(299, 23, 'TRAVEL', 23.22, 'Train ticket', '2022-05-14', '2025-09-20 23:00:27'),
	(300, 23, 'OTHERS', 399.76, 'Donation', '2023-08-29', '2025-09-20 23:00:27'),
	(301, 23, 'GIFT', 431.72, 'Birthday gift', '2024-08-28', '2025-09-20 23:00:27'),
	(302, 23, 'HEALTH', 395.72, 'Therapy', '2022-12-24', '2025-09-20 23:00:27'),
	(303, 23, 'HEALTH', 457.90, 'Medicine', '2022-05-19', '2025-09-20 23:00:27'),
	(304, 23, 'HEALTH', 202.06, 'Medicine', '2025-02-14', '2025-09-20 23:00:27'),
	(305, 23, 'GIFT', 411.61, 'Charity', '2025-10-08', '2025-09-20 23:00:27'),
	(306, 23, 'HEALTH', 8.89, 'Insurance', '2022-03-20', '2025-09-20 23:00:27'),
	(307, 23, 'OTHERS', 405.17, 'Repair', '2022-09-16', '2025-09-20 23:00:27'),
	(308, 23, 'EDUCATION', 447.75, 'Stationery', '2023-05-24', '2025-09-20 23:00:27'),
	(309, 23, 'TRAVEL', 453.45, 'Hotel', '2022-07-14', '2025-09-20 23:00:27'),
	(310, 23, 'FOOD', 461.70, 'Groceries', '2023-09-12', '2025-09-20 23:00:27'),
	(311, 23, 'TRAVEL', 328.00, 'Fuel', '2025-01-25', '2025-09-20 23:00:27'),
	(312, 23, 'OTHERS', 299.98, 'Entertainment', '2024-12-19', '2025-09-20 23:00:27'),
	(313, 23, 'BILLS', 21.45, 'Gas bill', '2022-06-29', '2025-09-20 23:00:27'),
	(314, 23, 'BILLS', 253.78, 'Gas bill', '2022-02-13', '2025-09-20 23:00:27'),
	(315, 23, 'TRAVEL', 504.19, 'Taxi', '2023-03-13', '2025-09-20 23:00:27'),
	(316, 23, 'FOOD', 75.74, 'Snacks', '2022-06-20', '2025-09-20 23:00:27'),
	(317, 23, 'TRAVEL', 335.20, 'Hotel', '2025-01-02', '2025-09-20 23:00:27'),
	(318, 23, 'FOOD', 32.15, 'Dinner', '2022-09-04', '2025-09-20 23:00:27'),
	(319, 23, 'BILLS', 72.17, 'Mobile bill', '2022-02-07', '2025-09-20 23:00:27'),
	(320, 23, 'GIFT', 343.36, 'Wedding gift', '2022-04-26', '2025-09-20 23:00:27'),
	(321, 23, 'HEALTH', 123.79, 'Insurance', '2022-04-10', '2025-09-20 23:00:27'),
	(322, 23, 'OTHERS', 340.87, 'Repair', '2022-03-21', '2025-09-20 23:00:27'),
	(323, 23, 'HEALTH', 87.58, 'Therapy', '2022-11-01', '2025-09-20 23:00:27'),
	(324, 23, 'HEALTH', 123.94, 'Medicine', '2025-10-26', '2025-09-20 23:00:27'),
	(325, 23, 'TRAVEL', 112.73, 'Train ticket', '2024-05-13', '2025-09-20 23:00:27'),
	(326, 23, 'TRAVEL', 321.63, 'Train ticket', '2023-10-20', '2025-09-20 23:00:27'),
	(327, 23, 'BILLS', 381.54, 'Electricity bill', '2023-11-03', '2025-09-20 23:00:27'),
	(328, 23, 'TRAVEL', 10.33, 'Fuel', '2022-10-28', '2025-09-20 23:00:27'),
	(329, 23, 'EDUCATION', 332.65, 'Books', '2023-09-03', '2025-09-20 23:00:27'),
	(330, 23, 'FOOD', 456.58, 'Lunch', '2024-09-04', '2025-09-20 23:00:27'),
	(331, 23, 'EDUCATION', 357.78, 'Stationery', '2024-07-25', '2025-09-20 23:00:27'),
	(332, 23, 'GIFT', 429.24, 'Charity', '2024-11-07', '2025-09-20 23:00:27'),
	(333, 23, 'FOOD', 445.59, 'Coffee', '2024-03-30', '2025-09-20 23:00:27'),
	(334, 23, 'BILLS', 262.16, 'Gas bill', '2024-09-28', '2025-09-20 23:00:27'),
	(335, 23, 'EDUCATION', 22.67, 'Books', '2024-07-06', '2025-09-20 23:00:27'),
	(336, 23, 'TRAVEL', 236.30, 'Hotel', '2025-08-17', '2025-09-20 23:00:27'),
	(337, 23, 'GIFT', 410.90, 'Wedding gift', '2022-06-09', '2025-09-20 23:00:27'),
	(338, 23, 'BILLS', 493.16, 'Water bill', '2025-09-21', '2025-09-20 23:00:27'),
	(339, 23, 'FOOD', 66.07, 'Snacks', '2023-05-08', '2025-09-20 23:00:27'),
	(340, 23, 'GIFT', 410.99, 'Festive gift', '2023-05-10', '2025-09-20 23:00:27'),
	(341, 23, 'FOOD', 313.57, 'Groceries', '2025-03-07', '2025-09-20 23:00:27'),
	(342, 23, 'GIFT', 460.09, 'Festive gift', '2022-09-14', '2025-09-20 23:00:27'),
	(343, 23, 'FOOD', 108.03, 'Dinner', '2025-07-02', '2025-09-20 23:00:27'),
	(344, 23, 'TRAVEL', 480.66, 'Taxi', '2025-05-07', '2025-09-20 23:00:27'),
	(345, 23, 'HEALTH', 311.84, 'Gym', '2022-08-07', '2025-09-20 23:00:27'),
	(346, 23, 'GIFT', 222.39, 'Anniversary gift', '2023-10-10', '2025-09-20 23:00:27'),
	(347, 23, 'BILLS', 216.02, 'Gas bill', '2022-02-16', '2025-09-20 23:00:27'),
	(348, 23, 'FOOD', 274.90, 'Coffee', '2025-12-20', '2025-09-20 23:00:27'),
	(349, 23, 'BILLS', 489.92, 'Gas bill', '2025-02-26', '2025-09-20 23:00:27'),
	(350, 23, 'EDUCATION', 468.67, 'Workshop', '2022-05-13', '2025-09-20 23:00:27'),
	(351, 23, 'TRAVEL', 266.91, 'Flight ticket', '2022-07-13', '2025-09-20 23:00:27'),
	(352, 23, 'HEALTH', 280.92, 'Medicine', '2022-02-20', '2025-09-20 23:00:27'),
	(353, 23, 'GIFT', 431.73, 'Festive gift', '2022-07-30', '2025-09-20 23:00:27'),
	(354, 23, 'BILLS', 23.27, 'Mobile bill', '2024-04-23', '2025-09-20 23:00:27'),
	(355, 23, 'EDUCATION', 206.03, 'Books', '2023-06-20', '2025-09-20 23:00:27'),
	(356, 23, 'OTHERS', 477.07, 'Repair', '2025-12-26', '2025-09-20 23:00:27'),
	(357, 23, 'BILLS', 141.02, 'Gas bill', '2025-10-23', '2025-09-20 23:00:27'),
	(358, 23, 'EDUCATION', 421.09, 'Exam fee', '2025-12-11', '2025-09-20 23:00:27'),
	(359, 23, 'HEALTH', 206.69, 'Medicine', '2025-12-21', '2025-09-20 23:00:27'),
	(360, 23, 'FOOD', 480.27, 'Coffee', '2025-02-09', '2025-09-20 23:00:27'),
	(361, 23, 'TRAVEL', 185.40, 'Hotel', '2022-02-10', '2025-09-20 23:00:27'),
	(362, 23, 'BILLS', 385.99, 'Internet bill', '2023-11-16', '2025-09-20 23:00:27'),
	(363, 23, 'TRAVEL', 73.23, 'Fuel', '2023-11-17', '2025-09-20 23:00:27'),
	(364, 23, 'HEALTH', 48.33, 'Therapy', '2025-12-25', '2025-09-20 23:00:27'),
	(365, 23, 'EDUCATION', 340.56, 'Stationery', '2024-01-26', '2025-09-20 23:00:27'),
	(366, 23, 'BILLS', 93.54, 'Electricity bill', '2024-07-27', '2025-09-20 23:00:27'),
	(367, 23, 'OTHERS', 193.29, 'Repair', '2023-09-24', '2025-09-20 23:00:27'),
	(368, 23, 'GIFT', 415.16, 'Charity', '2022-12-24', '2025-09-20 23:00:27'),
	(369, 23, 'TRAVEL', 437.98, 'Hotel', '2025-03-17', '2025-09-20 23:00:27'),
	(370, 23, 'OTHERS', 294.52, 'Misc expense', '2023-04-24', '2025-09-20 23:00:27'),
	(371, 23, 'OTHERS', 239.49, 'Shopping', '2023-07-23', '2025-09-20 23:00:27'),
	(372, 23, 'HEALTH', 484.36, 'Medicine', '2025-07-12', '2025-09-20 23:00:27'),
	(373, 23, 'HEALTH', 431.33, 'Therapy', '2025-07-25', '2025-09-20 23:00:27'),
	(374, 23, 'GIFT', 408.24, 'Anniversary gift', '2022-10-16', '2025-09-20 23:00:27'),
	(375, 23, 'EDUCATION', 284.11, 'Exam fee', '2024-04-26', '2025-09-20 23:00:27'),
	(376, 23, 'FOOD', 75.47, 'Snacks', '2025-02-14', '2025-09-20 23:00:27'),
	(377, 23, 'TRAVEL', 69.27, 'Hotel', '2025-06-09', '2025-09-20 23:00:27'),
	(378, 23, 'FOOD', 340.26, 'Coffee', '2023-12-28', '2025-09-20 23:00:27'),
	(379, 23, 'OTHERS', 292.96, 'Repair', '2025-07-27', '2025-09-20 23:00:27'),
	(380, 23, 'HEALTH', 118.39, 'Gym', '2025-04-07', '2025-09-20 23:00:27'),
	(381, 23, 'GIFT', 72.49, 'Festive gift', '2024-09-12', '2025-09-20 23:00:27'),
	(382, 23, 'GIFT', 469.51, 'Charity', '2023-03-08', '2025-09-20 23:00:27'),
	(383, 23, 'BILLS', 364.91, 'Electricity bill', '2024-12-26', '2025-09-20 23:00:27'),
	(384, 23, 'TRAVEL', 329.75, 'Fuel', '2022-06-14', '2025-09-20 23:00:27'),
	(385, 23, 'OTHERS', 240.60, 'Donation', '2023-01-03', '2025-09-20 23:00:27'),
	(386, 23, 'GIFT', 11.83, 'Wedding gift', '2022-08-20', '2025-09-20 23:00:27'),
	(387, 23, 'GIFT', 262.51, 'Charity', '2025-06-10', '2025-09-20 23:00:27'),
	(388, 23, 'OTHERS', 276.45, 'Donation', '2022-09-01', '2025-09-20 23:00:27'),
	(389, 23, 'HEALTH', 255.48, 'Medicine', '2024-04-05', '2025-09-20 23:00:27'),
	(390, 23, 'BILLS', 431.49, 'Internet bill', '2023-03-12', '2025-09-20 23:00:27'),
	(391, 23, 'TRAVEL', 503.84, 'Hotel', '2023-07-08', '2025-09-20 23:00:27'),
	(392, 23, 'BILLS', 59.71, 'Water bill', '2025-02-17', '2025-09-20 23:00:27'),
	(393, 23, 'HEALTH', 364.82, 'Insurance', '2024-12-24', '2025-09-20 23:00:27'),
	(394, 23, 'TRAVEL', 491.56, 'Fuel', '2022-10-02', '2025-09-20 23:00:27'),
	(395, 23, 'TRAVEL', 249.40, 'Taxi', '2022-03-19', '2025-09-20 23:00:27'),
	(396, 23, 'HEALTH', 422.75, 'Therapy', '2025-10-09', '2025-09-20 23:00:27'),
	(397, 23, 'TRAVEL', 496.96, 'Hotel', '2022-07-23', '2025-09-20 23:00:27'),
	(398, 23, 'EDUCATION', 411.18, 'Workshop', '2023-03-14', '2025-09-20 23:00:27'),
	(399, 23, 'HEALTH', 475.19, 'Gym', '2023-09-02', '2025-09-20 23:00:27'),
	(400, 23, 'EDUCATION', 378.98, 'Workshop', '2025-03-27', '2025-09-20 23:00:27'),
	(401, 23, 'TRAVEL', 195.28, 'Hotel', '2024-09-04', '2025-09-20 23:00:27'),
	(402, 23, 'OTHERS', 479.02, 'Repair', '2025-12-18', '2025-09-20 23:00:27'),
	(403, 23, 'BILLS', 182.54, 'Gas bill', '2024-09-02', '2025-09-20 23:00:27'),
	(404, 23, 'BILLS', 6.36, 'Mobile bill', '2024-09-21', '2025-09-20 23:00:27'),
	(405, 23, 'OTHERS', 89.84, 'Shopping', '2023-05-20', '2025-09-20 23:00:27'),
	(406, 23, 'BILLS', 495.49, 'Internet bill', '2023-04-25', '2025-09-20 23:00:27'),
	(407, 23, 'OTHERS', 372.16, 'Entertainment', '2024-03-05', '2025-09-20 23:00:27'),
	(408, 23, 'FOOD', 212.02, 'Lunch', '2025-07-14', '2025-09-20 23:00:27'),
	(409, 23, 'TRAVEL', 274.15, 'Train ticket', '2022-02-01', '2025-09-20 23:00:27'),
	(410, 23, 'GIFT', 55.81, 'Wedding gift', '2024-12-08', '2025-09-20 23:00:27'),
	(411, 23, 'TRAVEL', 132.89, 'Hotel', '2022-09-25', '2025-09-20 23:00:27'),
	(412, 23, 'BILLS', 254.44, 'Gas bill', '2022-12-03', '2025-09-20 23:00:27'),
	(413, 23, 'BILLS', 204.28, 'Internet bill', '2022-10-08', '2025-09-20 23:00:27'),
	(414, 23, 'TRAVEL', 153.19, 'Train ticket', '2022-10-09', '2025-09-20 23:00:27'),
	(415, 23, 'OTHERS', 194.17, 'Entertainment', '2023-10-29', '2025-09-20 23:00:27'),
	(416, 23, 'EDUCATION', 388.04, 'Workshop', '2025-05-16', '2025-09-20 23:00:27'),
	(417, 23, 'TRAVEL', 62.92, 'Hotel', '2022-08-07', '2025-09-20 23:00:27'),
	(418, 23, 'FOOD', 345.17, 'Dinner', '2022-06-20', '2025-09-20 23:00:27'),
	(419, 23, 'FOOD', 493.55, 'Dinner', '2025-09-13', '2025-09-20 23:00:27'),
	(420, 23, 'FOOD', 21.96, 'Groceries', '2025-02-14', '2025-09-20 23:00:27'),
	(421, 23, 'BILLS', 250.86, 'Electricity bill', '2024-11-23', '2025-09-20 23:00:27'),
	(422, 23, 'TRAVEL', 460.58, 'Train ticket', '2025-11-05', '2025-09-20 23:00:27'),
	(423, 23, 'GIFT', 355.45, 'Festive gift', '2022-06-19', '2025-09-20 23:00:27'),
	(424, 23, 'HEALTH', 306.97, 'Insurance', '2025-09-18', '2025-09-20 23:00:27'),
	(425, 23, 'HEALTH', 195.58, 'Gym', '2022-05-14', '2025-09-20 23:00:27'),
	(426, 23, 'GIFT', 415.55, 'Birthday gift', '2022-09-09', '2025-09-20 23:00:27'),
	(427, 23, 'GIFT', 386.74, 'Wedding gift', '2024-07-26', '2025-09-20 23:00:27'),
	(428, 23, 'OTHERS', 186.40, 'Misc expense', '2022-09-13', '2025-09-20 23:00:27'),
	(429, 23, 'TRAVEL', 306.14, 'Hotel', '2025-10-01', '2025-09-20 23:00:27'),
	(430, 23, 'HEALTH', 101.23, 'Doctor visit', '2023-05-31', '2025-09-20 23:00:27'),
	(431, 23, 'OTHERS', 120.48, 'Shopping', '2022-01-20', '2025-09-20 23:00:27'),
	(432, 23, 'FOOD', 318.26, 'Coffee', '2022-03-19', '2025-09-20 23:00:27'),
	(433, 23, 'OTHERS', 99.82, 'Shopping', '2022-02-17', '2025-09-20 23:00:27'),
	(434, 23, 'BILLS', 154.79, 'Mobile bill', '2025-06-26', '2025-09-20 23:00:27'),
	(435, 23, 'OTHERS', 203.88, 'Donation', '2025-12-29', '2025-09-20 23:00:27'),
	(436, 23, 'OTHERS', 88.08, 'Entertainment', '2025-08-06', '2025-09-20 23:00:27'),
	(437, 23, 'FOOD', 391.69, 'Lunch', '2023-10-31', '2025-09-20 23:00:27'),
	(438, 23, 'EDUCATION', 410.10, 'Books', '2022-12-31', '2025-09-20 23:00:27'),
	(439, 23, 'TRAVEL', 131.19, 'Flight ticket', '2023-12-31', '2025-09-20 23:00:27'),
	(440, 23, 'BILLS', 476.32, 'Electricity bill', '2022-02-09', '2025-09-20 23:00:27'),
	(441, 23, 'GIFT', 445.24, 'Anniversary gift', '2025-02-09', '2025-09-20 23:00:27'),
	(442, 23, 'FOOD', 331.80, 'Groceries', '2023-06-10', '2025-09-20 23:00:27'),
	(443, 23, 'HEALTH', 438.95, 'Therapy', '2023-06-19', '2025-09-20 23:00:27'),
	(444, 23, 'HEALTH', 379.39, 'Insurance', '2023-04-05', '2025-09-20 23:00:27'),
	(445, 23, 'BILLS', 272.19, 'Mobile bill', '2023-06-07', '2025-09-20 23:00:27'),
	(446, 23, 'GIFT', 326.84, 'Anniversary gift', '2022-08-28', '2025-09-20 23:00:27'),
	(447, 23, 'BILLS', 253.46, 'Mobile bill', '2023-04-12', '2025-09-20 23:00:27'),
	(448, 23, 'EDUCATION', 158.82, 'Books', '2022-08-07', '2025-09-20 23:00:27'),
	(449, 23, 'FOOD', 139.41, 'Snacks', '2023-06-26', '2025-09-20 23:00:27'),
	(450, 23, 'HEALTH', 148.76, 'Gym', '2022-04-12', '2025-09-20 23:00:27'),
	(451, 23, 'HEALTH', 426.79, 'Gym', '2024-12-17', '2025-09-20 23:00:27'),
	(452, 23, 'OTHERS', 34.76, 'Donation', '2023-02-21', '2025-09-20 23:00:27'),
	(453, 23, 'EDUCATION', 48.93, 'Books', '2025-05-08', '2025-09-20 23:00:27'),
	(454, 23, 'OTHERS', 162.92, 'Repair', '2022-05-08', '2025-09-20 23:00:27'),
	(455, 23, 'TRAVEL', 112.61, 'Fuel', '2022-11-23', '2025-09-20 23:00:27'),
	(456, 23, 'TRAVEL', 124.30, 'Hotel', '2024-09-12', '2025-09-20 23:00:27'),
	(457, 23, 'HEALTH', 207.95, 'Doctor visit', '2022-08-25', '2025-09-20 23:00:27'),
	(458, 23, 'EDUCATION', 452.06, 'Workshop', '2025-07-10', '2025-09-20 23:00:27'),
	(459, 23, 'BILLS', 407.40, 'Internet bill', '2025-05-12', '2025-09-20 23:00:27'),
	(460, 23, 'EDUCATION', 317.79, 'Books', '2025-12-08', '2025-09-20 23:00:27'),
	(461, 23, 'HEALTH', 196.40, 'Doctor visit', '2023-11-28', '2025-09-20 23:00:27'),
	(462, 23, 'EDUCATION', 319.57, 'Course fee', '2025-07-18', '2025-09-20 23:00:27'),
	(463, 23, 'EDUCATION', 398.13, 'Workshop', '2023-02-24', '2025-09-20 23:00:27'),
	(464, 23, 'FOOD', 367.53, 'Coffee', '2024-12-15', '2025-09-20 23:00:27'),
	(465, 23, 'TRAVEL', 9.93, 'Train ticket', '2022-07-01', '2025-09-20 23:00:27'),
	(466, 23, 'GIFT', 331.55, 'Anniversary gift', '2024-12-22', '2025-09-20 23:00:27'),
	(467, 23, 'FOOD', 113.17, 'Dinner', '2025-11-21', '2025-09-20 23:00:27'),
	(468, 23, 'HEALTH', 156.42, 'Doctor visit', '2023-06-15', '2025-09-20 23:00:27'),
	(469, 23, 'TRAVEL', 181.11, 'Hotel', '2025-03-13', '2025-09-20 23:00:27'),
	(470, 23, 'TRAVEL', 147.13, 'Fuel', '2024-11-08', '2025-09-20 23:00:27'),
	(471, 23, 'HEALTH', 490.23, 'Medicine', '2025-09-15', '2025-09-20 23:00:27'),
	(472, 23, 'FOOD', 425.73, 'Snacks', '2022-02-27', '2025-09-20 23:00:27'),
	(473, 23, 'FOOD', 13.02, 'Coffee', '2023-06-08', '2025-09-20 23:00:27'),
	(474, 23, 'FOOD', 176.40, 'Coffee', '2025-05-30', '2025-09-20 23:00:27'),
	(475, 23, 'HEALTH', 145.07, 'Insurance', '2023-03-29', '2025-09-20 23:00:27'),
	(476, 23, 'EDUCATION', 165.82, 'Workshop', '2022-09-13', '2025-09-20 23:00:27'),
	(477, 23, 'FOOD', 319.80, 'Snacks', '2025-12-24', '2025-09-20 23:00:27'),
	(478, 23, 'HEALTH', 456.68, 'Therapy', '2022-07-17', '2025-09-20 23:00:27'),
	(479, 23, 'FOOD', 431.76, 'Coffee', '2025-07-03', '2025-09-20 23:00:27'),
	(480, 23, 'GIFT', 296.50, 'Festive gift', '2023-03-21', '2025-09-20 23:00:27'),
	(481, 23, 'FOOD', 421.81, 'Dinner', '2023-04-23', '2025-09-20 23:00:27'),
	(482, 23, 'HEALTH', 360.23, 'Medicine', '2024-05-28', '2025-09-20 23:00:27'),
	(483, 23, 'BILLS', 86.91, 'Mobile bill', '2025-03-11', '2025-09-20 23:00:27'),
	(484, 23, 'TRAVEL', 326.91, 'Fuel', '2025-08-24', '2025-09-20 23:00:27'),
	(485, 23, 'EDUCATION', 286.23, 'Workshop', '2022-01-12', '2025-09-20 23:00:27'),
	(486, 23, 'BILLS', 393.32, 'Water bill', '2025-08-19', '2025-09-20 23:00:27'),
	(487, 23, 'HEALTH', 418.32, 'Medicine', '2025-05-17', '2025-09-20 23:00:27'),
	(488, 23, 'GIFT', 321.09, 'Wedding gift', '2025-05-18', '2025-09-20 23:00:27'),
	(489, 23, 'GIFT', 445.68, 'Anniversary gift', '2023-04-14', '2025-09-20 23:00:27'),
	(490, 23, 'EDUCATION', 53.44, 'Workshop', '2024-04-09', '2025-09-20 23:00:27'),
	(491, 23, 'BILLS', 424.25, 'Mobile bill', '2024-12-13', '2025-09-20 23:00:27'),
	(492, 23, 'OTHERS', 384.82, 'Repair', '2025-12-06', '2025-09-20 23:00:27'),
	(493, 23, 'BILLS', 323.75, 'Gas bill', '2023-03-31', '2025-09-20 23:00:27'),
	(494, 23, 'HEALTH', 71.69, 'Gym', '2022-03-05', '2025-09-20 23:00:27'),
	(495, 23, 'EDUCATION', 60.78, 'Course fee', '2025-02-28', '2025-09-20 23:00:27'),
	(496, 23, 'HEALTH', 234.94, 'Insurance', '2023-10-26', '2025-09-20 23:00:27'),
	(497, 23, 'OTHERS', 354.74, 'Repair', '2024-11-24', '2025-09-20 23:00:27'),
	(498, 23, 'TRAVEL', 342.39, 'Taxi', '2024-08-07', '2025-09-20 23:00:27'),
	(499, 23, 'TRAVEL', 400.95, 'Flight ticket', '2022-11-14', '2025-09-20 23:00:27'),
	(500, 23, 'TRAVEL', 486.20, 'Flight ticket', '2025-07-24', '2025-09-20 23:00:27'),
	(501, 23, 'FOOD', 485.82, 'Coffee', '2024-09-28', '2025-09-20 23:00:27'),
	(502, 23, 'BILLS', 447.24, 'Gas bill', '2022-05-25', '2025-09-20 23:00:27'),
	(503, 23, 'FOOD', 247.22, 'Coffee', '2023-12-02', '2025-09-20 23:00:27'),
	(504, 23, 'OTHERS', 265.36, 'Donation', '2023-07-16', '2025-09-20 23:00:27'),
	(505, 23, 'EDUCATION', 189.30, 'Exam fee', '2022-05-06', '2025-09-20 23:00:27'),
	(506, 23, 'GIFT', 130.02, 'Charity', '2023-05-15', '2025-09-20 23:00:27'),
	(507, 23, 'HEALTH', 457.83, 'Gym', '2022-10-30', '2025-09-20 23:00:27'),
	(508, 23, 'OTHERS', 198.14, 'Shopping', '2023-06-22', '2025-09-20 23:00:27'),
	(509, 23, 'BILLS', 72.66, 'Gas bill', '2023-08-30', '2025-09-20 23:00:28'),
	(510, 23, 'EDUCATION', 66.54, 'Exam fee', '2023-11-29', '2025-09-20 23:00:28'),
	(511, 23, 'HEALTH', 134.47, 'Medicine', '2022-09-19', '2025-09-20 23:00:28'),
	(512, 23, 'BILLS', 426.57, 'Electricity bill', '2025-02-04', '2025-09-20 23:00:28'),
	(513, 23, 'OTHERS', 115.29, 'Shopping', '2022-01-10', '2025-09-20 23:00:28'),
	(514, 23, 'FOOD', 188.69, 'Groceries', '2024-02-09', '2025-09-20 23:00:28'),
	(515, 23, 'HEALTH', 78.43, 'Doctor visit', '2022-07-22', '2025-09-20 23:00:28'),
	(516, 23, 'TRAVEL', 310.82, 'Flight ticket', '2025-04-05', '2025-09-20 23:00:28'),
	(517, 23, 'GIFT', 455.19, 'Anniversary gift', '2023-04-12', '2025-09-20 23:00:28'),
	(518, 23, 'EDUCATION', 147.51, 'Books', '2023-11-17', '2025-09-20 23:00:28'),
	(519, 23, 'FOOD', 421.73, 'Dinner', '2022-06-04', '2025-09-20 23:00:28'),
	(520, 23, 'BILLS', 398.71, 'Mobile bill', '2022-11-01', '2025-09-20 23:00:28'),
	(521, 23, 'TRAVEL', 291.62, 'Flight ticket', '2022-02-14', '2025-09-20 23:00:28'),
	(522, 23, 'BILLS', 426.46, 'Electricity bill', '2023-11-09', '2025-09-20 23:00:28'),
	(523, 23, 'BILLS', 347.69, 'Internet bill', '2023-12-22', '2025-09-20 23:00:28'),
	(524, 23, 'OTHERS', 409.74, 'Entertainment', '2024-04-15', '2025-09-20 23:00:28'),
	(525, 23, 'TRAVEL', 73.21, 'Hotel', '2022-09-01', '2025-09-20 23:00:28'),
	(526, 23, 'HEALTH', 117.01, 'Medicine', '2025-10-10', '2025-09-20 23:00:28'),
	(527, 23, 'TRAVEL', 400.22, 'Fuel', '2022-02-07', '2025-09-20 23:00:28'),
	(528, 23, 'OTHERS', 492.82, 'Misc expense', '2023-08-05', '2025-09-20 23:00:28'),
	(529, 23, 'GIFT', 313.08, 'Wedding gift', '2023-09-06', '2025-09-20 23:00:28'),
	(530, 23, 'BILLS', 164.76, 'Water bill', '2025-04-09', '2025-09-20 23:00:28'),
	(531, 23, 'HEALTH', 347.43, 'Insurance', '2023-08-03', '2025-09-20 23:00:28'),
	(532, 23, 'HEALTH', 18.25, 'Doctor visit', '2025-07-01', '2025-09-20 23:00:28'),
	(533, 23, 'EDUCATION', 312.54, 'Workshop', '2025-03-18', '2025-09-20 23:00:28'),
	(534, 23, 'GIFT', 416.74, 'Wedding gift', '2023-11-04', '2025-09-20 23:00:28'),
	(535, 23, 'BILLS', 322.31, 'Water bill', '2025-06-02', '2025-09-20 23:00:28'),
	(536, 23, 'GIFT', 492.67, 'Birthday gift', '2025-07-09', '2025-09-20 23:00:28'),
	(537, 23, 'HEALTH', 73.47, 'Gym', '2024-05-01', '2025-09-20 23:00:28'),
	(538, 23, 'OTHERS', 488.53, 'Repair', '2024-03-25', '2025-09-20 23:00:28'),
	(539, 23, 'HEALTH', 309.10, 'Therapy', '2022-04-10', '2025-09-20 23:00:28'),
	(540, 23, 'BILLS', 145.63, 'Water bill', '2023-01-29', '2025-09-20 23:00:28'),
	(541, 23, 'GIFT', 110.14, 'Birthday gift', '2025-09-18', '2025-09-20 23:00:28'),
	(542, 23, 'HEALTH', 177.28, 'Insurance', '2024-09-30', '2025-09-20 23:00:28'),
	(543, 23, 'GIFT', 80.11, 'Anniversary gift', '2023-08-02', '2025-09-20 23:00:28'),
	(544, 23, 'EDUCATION', 312.75, 'Course fee', '2022-07-29', '2025-09-20 23:00:28'),
	(545, 23, 'GIFT', 480.26, 'Anniversary gift', '2022-02-08', '2025-09-20 23:00:28'),
	(546, 23, 'GIFT', 91.87, 'Wedding gift', '2024-03-02', '2025-09-20 23:00:28'),
	(547, 23, 'HEALTH', 306.69, 'Insurance', '2024-12-11', '2025-09-20 23:00:28'),
	(548, 23, 'BILLS', 448.49, 'Water bill', '2024-11-08', '2025-09-20 23:00:28'),
	(549, 23, 'TRAVEL', 184.04, 'Train ticket', '2022-08-17', '2025-09-20 23:00:28'),
	(550, 23, 'TRAVEL', 493.29, 'Taxi', '2024-11-14', '2025-09-20 23:00:28'),
	(551, 23, 'BILLS', 486.46, 'Mobile bill', '2023-09-16', '2025-09-20 23:00:28'),
	(552, 23, 'EDUCATION', 92.88, 'Exam fee', '2023-03-20', '2025-09-20 23:00:28'),
	(553, 23, 'OTHERS', 151.32, 'Repair', '2024-07-29', '2025-09-20 23:00:28'),
	(554, 23, 'EDUCATION', 73.96, 'Exam fee', '2023-03-06', '2025-09-20 23:00:28'),
	(555, 23, 'BILLS', 307.08, 'Mobile bill', '2024-10-12', '2025-09-20 23:00:28'),
	(556, 23, 'OTHERS', 34.05, 'Shopping', '2024-02-18', '2025-09-20 23:00:28'),
	(557, 23, 'GIFT', 499.02, 'Anniversary gift', '2023-06-27', '2025-09-20 23:00:28'),
	(558, 23, 'BILLS', 100.55, 'Electricity bill', '2023-05-06', '2025-09-20 23:00:28'),
	(559, 23, 'OTHERS', 262.39, 'Misc expense', '2022-01-08', '2025-09-20 23:00:28'),
	(560, 23, 'EDUCATION', 49.53, 'Course fee', '2024-04-08', '2025-09-20 23:00:28'),
	(561, 23, 'BILLS', 431.52, 'Internet bill', '2022-03-06', '2025-09-20 23:00:28'),
	(562, 23, 'FOOD', 195.01, 'Lunch', '2022-07-25', '2025-09-20 23:00:28'),
	(563, 23, 'EDUCATION', 129.04, 'Course fee', '2025-03-10', '2025-09-20 23:00:28'),
	(564, 23, 'BILLS', 161.79, 'Internet bill', '2025-11-09', '2025-09-20 23:00:28'),
	(565, 23, 'GIFT', 238.06, 'Wedding gift', '2022-08-15', '2025-09-20 23:00:28'),
	(566, 23, 'OTHERS', 242.80, 'Shopping', '2022-03-19', '2025-09-20 23:00:28'),
	(567, 23, 'HEALTH', 191.32, 'Insurance', '2024-09-11', '2025-09-20 23:00:28'),
	(568, 23, 'BILLS', 152.74, 'Electricity bill', '2025-08-24', '2025-09-20 23:00:28'),
	(569, 23, 'BILLS', 87.88, 'Gas bill', '2025-09-24', '2025-09-20 23:00:28'),
	(570, 23, 'FOOD', 467.32, 'Groceries', '2022-09-16', '2025-09-20 23:00:28'),
	(571, 23, 'FOOD', 368.80, 'Groceries', '2022-08-19', '2025-09-20 23:00:28'),
	(572, 23, 'HEALTH', 340.27, 'Insurance', '2024-11-17', '2025-09-20 23:00:28'),
	(573, 23, 'HEALTH', 34.61, 'Therapy', '2022-09-25', '2025-09-20 23:00:28'),
	(574, 23, 'BILLS', 504.21, 'Internet bill', '2024-02-17', '2025-09-20 23:00:28'),
	(575, 23, 'TRAVEL', 335.57, 'Train ticket', '2024-11-19', '2025-09-20 23:00:28'),
	(576, 23, 'FOOD', 454.42, 'Groceries', '2022-11-14', '2025-09-20 23:00:28'),
	(577, 23, 'BILLS', 378.81, 'Internet bill', '2022-03-29', '2025-09-20 23:00:28'),
	(578, 23, 'EDUCATION', 318.39, 'Workshop', '2022-03-18', '2025-09-20 23:00:28'),
	(579, 23, 'OTHERS', 220.66, 'Misc expense', '2022-05-10', '2025-09-20 23:00:28'),
	(580, 23, 'OTHERS', 91.01, 'Misc expense', '2022-07-11', '2025-09-20 23:00:28'),
	(581, 23, 'EDUCATION', 38.20, 'Stationery', '2024-10-29', '2025-09-20 23:00:28');

-- Dumping structure for table expense_tracker.password_reset_token
DROP TABLE IF EXISTS `password_reset_token`;
CREATE TABLE IF NOT EXISTS `password_reset_token` (
  `id` bigint NOT NULL AUTO_INCREMENT,
  `token` varchar(255) NOT NULL,
  `user_id` bigint NOT NULL,
  `expiry_date` datetime NOT NULL,
  PRIMARY KEY (`id`),
  KEY `fk_password_reset_user` (`user_id`),
  CONSTRAINT `fk_password_reset_user` FOREIGN KEY (`user_id`) REFERENCES `users` (`id`)
) ENGINE=InnoDB AUTO_INCREMENT=19 DEFAULT CHARSET=utf8mb4 COLLATE=utf8mb4_0900_ai_ci;

-- Dumping data for table expense_tracker.password_reset_token: ~3 rows (approximately)
INSERT INTO `password_reset_token` (`id`, `token`, `user_id`, `expiry_date`) VALUES
	(16, '1039cb51-06d6-472d-a693-450ad50c963b', 25, '2025-09-19 20:26:08'),
	(17, '370477a4-ae36-4cce-b356-122fdfa5bf41', 26, '2025-09-19 20:38:45'),
	(18, '39945231-58e1-4f72-a606-3aab9a414ec6', 27, '2025-09-20 17:25:00');

-- Dumping structure for procedure expense_tracker.seed_expenses
DROP PROCEDURE IF EXISTS `seed_expenses`;
DELIMITER //
CREATE PROCEDURE `seed_expenses`()
BEGIN
    DECLARE i INT DEFAULT 1;
    DECLARE categories VARCHAR(20);
    DECLARE descriptions TEXT;
    DECLARE expenseDate DATE;

    WHILE i <= 500 DO
        -- Pick random category
        SET categories = ELT(FLOOR(1 + RAND() * 7), 'FOOD', 'HEALTH', 'TRAVEL', 'EDUCATION', 'GIFT', 'BILLS', 'OTHERS');
        
        -- Pick random description
        SET descriptions = CASE categories
            WHEN 'FOOD' THEN ELT(FLOOR(1 + RAND() * 5), 'Lunch', 'Dinner', 'Snacks', 'Groceries', 'Coffee')
            WHEN 'HEALTH' THEN ELT(FLOOR(1 + RAND() * 5), 'Doctor visit', 'Gym', 'Medicine', 'Insurance', 'Therapy')
            WHEN 'TRAVEL' THEN ELT(FLOOR(1 + RAND() * 5), 'Flight ticket', 'Hotel', 'Taxi', 'Fuel', 'Train ticket')
            WHEN 'EDUCATION' THEN ELT(FLOOR(1 + RAND() * 5), 'Books', 'Course fee', 'Workshop', 'Exam fee', 'Stationery')
            WHEN 'GIFT' THEN ELT(FLOOR(1 + RAND() * 5), 'Birthday gift', 'Anniversary gift', 'Wedding gift', 'Festive gift', 'Charity')
            WHEN 'BILLS' THEN ELT(FLOOR(1 + RAND() * 5), 'Electricity bill', 'Water bill', 'Internet bill', 'Mobile bill', 'Gas bill')
            ELSE ELT(FLOOR(1 + RAND() * 5), 'Misc expense', 'Repair', 'Donation', 'Entertainment', 'Shopping')
        END;

        -- Random date between 2022-01-01 and 2025-12-31
        SET expenseDate = DATE_ADD('2022-01-01', INTERVAL FLOOR(RAND() * 1461) DAY);

        INSERT INTO expenses (user_id, category, amount, description, expense_date, created_at)
        VALUES (
            23,
            categories,
            ROUND((RAND() * 500) + 5, 2), -- amount between 5 and 505
            descriptions,
            expenseDate,
            NOW()
        );

        SET i = i + 1;
    END WHILE;
END//
DELIMITER ;

-- Dumping structure for table expense_tracker.users
DROP TABLE IF EXISTS `users`;
CREATE TABLE IF NOT EXISTS `users` (
  `id` bigint NOT NULL AUTO_INCREMENT,
  `username` varchar(150) CHARACTER SET utf8mb4 COLLATE utf8mb4_0900_ai_ci NOT NULL,
  `password` varchar(255) CHARACTER SET utf8mb4 COLLATE utf8mb4_0900_ai_ci DEFAULT NULL,
  `role` enum('USER','ADMIN') CHARACTER SET utf8mb4 COLLATE utf8mb4_0900_ai_ci NOT NULL DEFAULT 'USER',
  `created_at` timestamp NULL DEFAULT (now()),
  `lastname` varchar(50) CHARACTER SET utf8mb4 COLLATE utf8mb4_0900_ai_ci DEFAULT NULL,
  `phone` varchar(15) CHARACTER SET utf8mb4 COLLATE utf8mb4_0900_ai_ci NOT NULL,
  `firstname` varchar(50) NOT NULL,
  `zipcode` varchar(6) CHARACTER SET utf8mb4 COLLATE utf8mb4_0900_ai_ci DEFAULT NULL,
  `profession` varchar(50) CHARACTER SET utf8mb4 COLLATE utf8mb4_0900_ai_ci DEFAULT NULL,
  `is_agree_TOS` tinyint NOT NULL,
  PRIMARY KEY (`id`),
  UNIQUE KEY `email` (`username`) USING BTREE
) ENGINE=InnoDB AUTO_INCREMENT=28 DEFAULT CHARSET=utf8mb4 COLLATE=utf8mb4_0900_ai_ci;

-- Dumping data for table expense_tracker.users: ~5 rows (approximately)
INSERT INTO `users` (`id`, `username`, `password`, `role`, `created_at`, `lastname`, `phone`, `firstname`, `zipcode`, `profession`, `is_agree_TOS`) VALUES
	(6, 'deepak12345@gmail.com', '', 'ADMIN', '2025-08-30 11:58:05', 'Nayak', '07894541864', 'Deepak', '751001', 'Software Engineer', 0),
	(23, 'deepak123@gmail.com', 'deepak123', 'USER', '2025-09-19 12:18:46', NULL, '7894541484', 'Deepak', '756023', 'software', 1),
	(25, 'deepak@gmail.com', '$2a$12$pehJbhpPNTsYcgkfXtJPb.ht6C46SlYc4coARWL5My24d9HgH3Yai', 'ADMIN', '2025-09-18 14:56:07', 'Nayak', '9876543210', 'Deepak', '751001', 'Software Developer', 0),
	(26, 'deepaknayak@gmail.com', '$2a$12$75ahOO4r.TwHjENw0Gxuve5p9Ksx60AfIOeQkKBUybQHjr97Rr2Ym', 'ADMIN', '2025-09-18 15:08:45', 'Nayak', '9876543210', 'Deepak', '751001', 'Software Developers', 0),
	(27, 'deepaknayak55260@gmail.com', '', 'USER', '2025-09-19 11:55:00', 'Nayak', '07894541864', 'Deepak', '751024', '', 0);

/*!40103 SET TIME_ZONE=IFNULL(@OLD_TIME_ZONE, 'system') */;
/*!40101 SET SQL_MODE=IFNULL(@OLD_SQL_MODE, '') */;
/*!40014 SET FOREIGN_KEY_CHECKS=IFNULL(@OLD_FOREIGN_KEY_CHECKS, 1) */;
/*!40101 SET CHARACTER_SET_CLIENT=@OLD_CHARACTER_SET_CLIENT */;
/*!40111 SET SQL_NOTES=IFNULL(@OLD_SQL_NOTES, 1) */;
